culture,scenario,interface,total_available,Average Point Value Without 0s,Avg Without 0s/Total,Average Point Value With 0s,Avg With 0s/Total,Median Without 0s,Median With 0s,Min Point Value Without 0s,Min Point Value With 0s,possible_max,total_n,total,percent_notcomplete,percent,first,last,phone,dob,sex,race,email,zipc,ssn,address,citizenship,website,password,username,relationship
USA,Bank,A,27,10.22413793,0.378671775,10.1166667,0.374691359,9,8.5,1,0,24,60,1,0.016666667,0.016666667,0.666666667,0.633333333,0.433333333,0.566666667,0.266666667,0.216666667,0.783333333,0.383333333,0.2,0.366666667,0.25,0,0.7,0.733333333,0.15
USA,Bank,B,27,9.847457627,0.364720653,9.68333333,0.358641975,10,10,1,0,22,60,1,0.016666667,0.016666667,0.7,0.633333333,0.533333333,0.583333333,0.216666667,0,0.8,0.366666667,0.183333333,0.383333333,0.266666667,0,0.683333333,0.683333333,0.15
USA,Shop,A,24,6.910714286,0.287946429,6.533333,0.272222208,5,5,1,0,17,60,3,0.05,0.05,0.566666667,0.5,0.366666667,0.233333333,0.216666667,0,0.733333333,0,0,0.266666667,0,0.1,0.616666667,0.733333333,0
USA,Shop,B,24,7.105263158,0.296052632,6.75,0.28125,6,5,1,0,17,60,3,0.05,0.05,0.483333333,0.433333333,0.333333333,0.283333333,0.233333333,0,0.783333333,0,0,0.266666667,0,0.083333333,0.716666667,0.716666667,0
Korea,Bank,A,27,12.09375,0.447916667,10.18421053,0.377192983,14,10.5,3,0,23,38,6,0.157894737,0.157894737,0.842105263,0.842105263,0.684210526,0.736842105,0.157894737,0.026315789,0.842105263,0.342105263,0.263157895,0.315789474,0.157894737,0,0.684210526,0.684210526,0.078947368
Korea,Bank,B,27,11.42857143,0.423280423,10.52631579,0.389863548,10,10,1,0,22,38,3,0.078947368,0.078947368,0.842105263,0.842105263,0.657894737,0.736842105,0.131578947,0.052631579,0.921052632,0.342105263,0.236842105,0.368421053,0.157894737,0,0.710526316,0.736842105,0.105263158
Korea,Shop,A,24,6.941176471,0.289215686,6.210526316,0.25877193,7,6,1,0,14,38,4,0.105263158,0.105263158,0.368421053,0.368421053,0.342105263,0.210526316,0.105263158,0,0.894736842,0,0,0.263157895,0,0.026315789,0.710526316,0.710526316,0
Korea,Shop,B,24,6.6,0.275,6.081081081,0.253378378,5,5,1,0,14,38,3,0.078947368,0.078947368,0.342105263,0.342105263,0.315789474,0.157894737,0.052631579,0,0.894736842,0,0,0.289473684,0,0,0.736842105,0.736842105,0